date,category,amount,note
2026-09-01,Еда,850.50,Продукты на неделю
2026-09-02,Транспорт,1200,Проездной на месяц
2026-09-03,Жильё,18500,Аренда квартиры
2026-09-04,Еда,430,Обед с коллегами
2026-09-05,Связь,550,Мобильная связь и интернет
2026-09-06,Развлечения,2 500,Кино и кафе
2026-09-07,Еда,790,Продукты
2026-09-08,Транспорт,320,Такси до вокзала
2026-09-09,,750,Пустая категория
2026-09-10,Еда,не_число,Ошибочная сумма
2026-13-01,Развлечения,1000,Несуществующая дата
2026-09-11,Здоровье,1 200,50,Аптека